"","Név","Link","Gyártási idõszak","Kivitel","Üzemanyag","Hengerelrendezés","Hengerek száma","Hajtás","Hengerûrtartalom","Maximális teljesítmény","Kategória","Ajtók száma","Szállítható személyek száma","Saját tömeg","Össztömeg","Szélesség","Magasság","Hosszúság","Tengelytáv","Üzemanyagtank","Hasznos teher","Sebességváltó","Végsebesség","Gyorsulás 0-ról 100 km/h-ra","Maximális forgatónyomaték","Gumiméret","Újkori ára","Csomagtér térfogata","CO2-kibocsátás","Vegyes fogyasztás","Városi fogyasztás","Országúti fogyasztás","Fordulási kör átmérõje","Környezetvédelmi osztály"
"1","MASERATI 420 (1985-1986)","https://katalogus.hasznaltauto.hu/maserati/420-76975","1985-1986","Lépcsõshátú","Benzin","V","6 henger","Hátsó kerék","1 996 cm3","133 kW, 181 LE",NA,NA,NA,NA,NA,NA,NA,NA,NA,NA,NA,NA,NA,NA,NA,NA,NA,NA,NA,NA,NA,NA,NA,NA
"2","MASERATI 420 i (1987-1988)","https://katalogus.hasznaltauto.hu/maserati/420_i-76976","1987-1988","Lépcsõshátú","Benzin","V","6 henger","Hátsó kerék","1 996 cm3","138 kW, 188 LE",NA,NA,NA,NA,NA,NA,NA,NA,NA,NA,NA,NA,NA,NA,NA,NA,NA,NA,NA,NA,NA,NA,NA,NA
"3","MASERATI 430 i (1988-1994)","https://katalogus.hasznaltauto.hu/maserati/430_i-76977","1988-1994","Lépcsõshátú","Benzin","V","6 henger","Hátsó kerék","2 790 cm3","182 kW, 248 LE",NA,NA,NA,NA,NA,NA,NA,NA,NA,NA,NA,NA,NA,NA,NA,NA,NA,NA,NA,NA,NA,NA,NA,NA
"4","MASERATI 2.8 Bi Turbo (1991-1994)","https://katalogus.hasznaltauto.hu/maserati/2.8_bi_turbo-76978","1991-1994","Lépcsõshátú","Benzin",NA,"6 henger","Hátsó kerék","2 790 cm3","165 kW, 224 LE",NA,NA,NA,NA,NA,NA,NA,NA,NA,NA,NA,NA,NA,NA,NA,NA,NA,NA,NA,NA,NA,NA,NA,NA
"5","MASERATI 2.8 Bi Turbo (1991-1994)","https://katalogus.hasznaltauto.hu/maserati/2.8_bi_turbo-76979","1991-1994","Lépcsõshátú","Benzin",NA,"6 henger","Hátsó kerék","2 790 cm3","209 kW, 284 LE",NA,NA,NA,NA,NA,NA,NA,NA,NA,NA,NA,NA,NA,NA,NA,NA,NA,NA,NA,NA,NA,NA,NA,NA
"6","MASERATI 2.0 (1986-1988)","https://katalogus.hasznaltauto.hu/maserati/2.0-76980","1986-1988","Lépcsõshátú","Benzin",NA,"6 henger","Hátsó kerék","1 996 cm3","162 kW, 220 LE",NA,NA,NA,NA,NA,NA,NA,NA,NA,NA,NA,NA,NA,NA,NA,NA,NA,NA,NA,NA,NA,NA,NA,NA
"7","MASERATI A6 1500 (1946–)","https://katalogus.hasznaltauto.hu/maserati/a6_1500-71880","1946–","Lépcsõshátú",NA,NA,NA,NA,NA,NA,NA,NA,NA,NA,NA,NA,NA,NA,NA,NA,NA,NA,NA,NA,NA,NA,NA,NA,NA,NA,NA,NA,NA,NA
"8","MASERATI A6GCM (1947–)","https://katalogus.hasznaltauto.hu/maserati/a6gcm-71881","1947–","Lépcsõshátú",NA,NA,NA,NA,NA,NA,NA,NA,NA,NA,NA,NA,NA,NA,NA,NA,NA,NA,NA,NA,NA,NA,NA,NA,NA,NA,NA,NA,NA,NA
"9","MASERATI A6GCS (1947–)","https://katalogus.hasznaltauto.hu/maserati/a6gcs-71882","1947–","Lépcsõshátú",NA,NA,NA,NA,NA,NA,NA,NA,NA,NA,NA,NA,NA,NA,NA,NA,NA,NA,NA,NA,NA,NA,NA,NA,NA,NA,NA,NA,NA,NA
"10","MASERATI Biturbo 430 (1988-1992)","https://katalogus.hasznaltauto.hu/maserati/biturbo_430-15465","1988-1992","Sedan","Benzin","V","6 henger","Hátsó kerék","2 788 cm3","165 kW, 224 LE","Nagykocsi","4 ajtó","5 fõ","1 450 kg","1 856 kg","1 730 mm","1 370 mm","4 400 mm","2 600 mm","80 l","406 kg","Manuális (5 fokozatú) sebességváltó","220 km/h","6,2 s","363 Nm","205/50 VR15 ",NA,NA,NA,NA,NA,NA,NA,NA
"11","MASERATI Biturbo 430 (1992-1994)","https://katalogus.hasznaltauto.hu/maserati/biturbo_430-15466","1992-1994","Sedan","Benzin","V","6 henger","Hátsó kerék","2 788 cm3","205 kW, 279 LE","Nagykocsi","4 ajtó","5 fõ","1 400 kg","1 910 kg","1 730 mm","1 370 mm","4 400 mm","2 600 mm","80 l","510 kg","Manuális (5 fokozatú) sebességváltó","270 km/h","5,3 s","431 Nm","205/45 ZR16 ",NA,NA,NA,NA,NA,NA,NA,NA
"12","MASERATI 4.7 (1971-1980)","https://katalogus.hasznaltauto.hu/maserati/4.7-71883","1971-1980","Coupe","Benzin","V","8 henger","Hátsó kerék","4 719 cm3","228 kW, 310 LE",NA,NA,NA,NA,NA,NA,NA,NA,NA,NA,NA,NA,NA,NA,NA,NA,NA,NA,NA,NA,NA,NA,NA,NA
"13","MASERATI 5.0 (1976-1980)","https://katalogus.hasznaltauto.hu/maserati/5.0-71884","1976-1980","Coupe","Benzin",NA,"8 henger","Elsõ kerék","4 930 cm3","235 kW, 320 LE",NA,NA,NA,NA,NA,NA,NA,NA,NA,NA,NA,NA,NA,NA,NA,NA,NA,NA,NA,NA,NA,NA,NA,NA
"14","MASERATI 4.9 (1971-1974)","https://katalogus.hasznaltauto.hu/maserati/4.9-71885","1971-1974","Lépcsõshátú","Benzin",NA,"8 henger",NA,"4 930 cm3",NA,NA,NA,NA,NA,NA,NA,NA,NA,NA,NA,NA,NA,NA,NA,NA,NA,NA,NA,NA,NA,NA,NA,NA,NA
"15","MASERATI 4.7 16V (1975-1979)","https://katalogus.hasznaltauto.hu/maserati/4.7_16v-71886","1975-1979","Coupe","Benzin",NA,"8 henger","Hátsó kerék","4 714 cm3",NA,NA,"2 ajtó",NA,NA,NA,NA,NA,NA,NA,NA,NA,"Manuális sebességváltó",NA,NA,NA,NA,NA,NA,NA,NA,NA,NA,NA,NA
"16","MASERATI 4.9 16V (1975-1983)","https://katalogus.hasznaltauto.hu/maserati/4.9_16v-71887","1975-1983","Coupe","Benzin",NA,"8 henger","Hátsó kerék","4 930 cm3",NA,NA,"2 ajtó",NA,NA,NA,NA,NA,NA,NA,NA,NA,"Manuális sebességváltó",NA,NA,NA,NA,NA,NA,NA,NA,NA,NA,NA,NA
"17","MASERATI Coupe (2004-2006)","https://katalogus.hasznaltauto.hu/maserati/coupe-15480","2004-2006","Coupe","Benzin","V","8 henger","Hátsó kerék","4 244 cm3","287 kW, 390 LE","Nagykocsi","2 ajtó","2 fõ","1 670 kg","1 940 kg","1 822 mm","1 305 mm","4 253 mm","2 660 mm","88 l","270 kg","Manuális (6 fokozatú) sebességváltó","285 km/h","4,9 s","451 Nm","235/40 ZR18 265/35 ZR18 ","28 399 400 Ft","220 l","437 g/km","18,6 l/100km",NA,NA,NA,NA
"18","MASERATI Coupe Cambiocorsa (Automata)  (2004-2006)","https://katalogus.hasznaltauto.hu/maserati/coupe_cambiocorsa_automata-15481","2004-2006","Coupe","Benzin","V","8 henger","Hátsó kerék","4 244 cm3","287 kW, 390 LE","Nagykocsi","2 ajtó","2 fõ","1 680 kg","1 940 kg","1 822 mm","1 305 mm","4 253 mm","2 660 mm","88 l","260 kg","Automata (6 fokozatú) sebességváltó","285 km/h","4,9 s","451 Nm","235/40 ZR18 265/35 ZR18 ","30 000 680 Ft","220 l","437 g/km","18,6 l/100km",NA,NA,NA,NA
"19","MASERATI Ghibli (1992-1998)","https://katalogus.hasznaltauto.hu/maserati/ghibli-15467","1992-1998","Coupe","Benzin","V","6 henger","Hátsó kerék","1 996 cm3","225 kW, 306 LE","Nagykocsi","2 ajtó","4 fõ","1 365 kg","1 660 kg","1 775 mm","1 300 mm","4 223 mm","2 515 mm",NA,"295 kg","Manuális (6 fokozatú) sebességváltó","265 km/h","5,7 s","373 Nm","215/45 ZR17 245/40 ZR17 ","14 990 000 Ft","420 l","249 g/km","10,6 l/100km","18,4 l/100km","9,1 l/100km",NA,NA
"20","MASERATI Ghibli (1992-1998)","https://katalogus.hasznaltauto.hu/maserati/ghibli-15468","1992-1998","Coupe","Benzin","V","6 henger","Hátsó kerék","1 996 cm3","243 kW, 330 LE","Nagykocsi","2 ajtó","4 fõ","1 365 kg","1 660 kg","1 775 mm","1 300 mm","4 223 mm","2 515 mm",NA,"295 kg","Manuális (6 fokozatú) sebességváltó","270 km/h","5,6 s","371 Nm","215/45 ZR17 245/40 ZR17 ","19 750 000 Ft","420 l","249 g/km","10,6 l/100km","18,4 l/100km","9,1 l/100km",NA,NA
"21","MASERATI Ghibli (1998.)","https://katalogus.hasznaltauto.hu/maserati/ghibli-15469","1998.","Coupe","Benzin","V","6 henger","Hátsó kerék","2 790 cm3","206 kW, 280 LE","Nagykocsi","2 ajtó","5 fõ","1 365 kg","1 870 kg","1 775 mm","1 300 mm","4 233 mm","2 514 mm","80 l","505 kg","Manuális (6 fokozatú) sebességváltó","260 km/h","5,7 s","397 Nm","215/45 ZR17 245/70 ZR17 ",NA,"420 l","310 g/km","13,2 l/100km","17,9 l/100km","11,7 l/100km",NA,NA
"22","MASERATI Ghibli (Automata)  (1998.)","https://katalogus.hasznaltauto.hu/maserati/ghibli_automata-15470","1998.","Coupe","Benzin","V","6 henger","Hátsó kerék","2 790 cm3","206 kW, 280 LE","Nagykocsi","2 ajtó","5 fõ","1 406 kg","1 910 kg","1 775 mm","1 300 mm","4 233 mm","2 514 mm","80 l","504 kg","Automata (4 fokozatú) sebességváltó","255 km/h","5,7 s","397 Nm","215/45 ZR17 245/70 ZR17 ",NA,"420 l","303 g/km","12,9 l/100km","17,7 l/100km","11,7 l/100km",NA,NA
"23","MASERATI Ghibli (1992-1998)","https://katalogus.hasznaltauto.hu/maserati/ghibli-15471","1992-1998","Coupe","Benzin","V","6 henger","Hátsó kerék","2 790 cm3","209 kW, 284 LE","Nagykocsi","2 ajtó","4 fõ","1 365 kg","1 660 kg","1 775 mm","1 300 mm","4 223 mm","2 515 mm",NA,"295 kg","Manuális (6 fokozatú) sebességváltó","260 km/h","5,7 s","413 Nm","215/45 ZR17 245/40 ZR17 ","15 490 000 Ft","420 l","275 g/km","11,7 l/100km","17,9 l/100km","9,0 l/100km",NA,NA
"24","MASERATI Ghibli 3.0 V6 BT (Automata)  (2013–)","https://katalogus.hasznaltauto.hu/maserati/ghibli_3.0_v6_bt_automata-15472","2013–","Coupe","Benzin","V","6 henger","Hátsó kerék","2 979 cm3","243 kW, 330 LE","Nagykocsi","4 ajtó","5 fõ",NA,"1 810 kg","1 945 mm","1 461 mm","4 971 mm","2 998 mm","80 l",NA,"Automata (8 fokozatú tiptronic) sebességváltó","263 km/h","5,6 s","500 Nm","235/50 R18 ","23 632 237 Ft","500 l","223 g/km","9,6 l/100km","14,0 l/100km","7,1 l/100km","12 m","EURO 5"
"25","MASERATI Ghibli 3.0 V6 BT (Automata)  (2013–)","https://katalogus.hasznaltauto.hu/maserati/ghibli_3.0_v6_bt_automata-15473","2013–","Coupe","Benzin","V","6 henger","Hátsó kerék","2 979 cm3","301 kW, 409 LE","Nagykocsi","4 ajtó","5 fõ",NA,"1 870 kg","1 945 mm","1 461 mm","4 971 mm","2 998 mm","80 l",NA,"Automata (8 fokozatú tiptronic) sebességváltó","284 km/h","4,8 s","550 Nm","235/50 R18 ","28 014 118 Ft","500 l","242 g/km","10,4 l/100km","15,7 l/100km","7,3 l/100km","12 m","EURO 5"
"26","MASERATI Ghibli 3.0 V6 BT Q4 (Automata)  (2013–)","https://katalogus.hasznaltauto.hu/maserati/ghibli_3.0_v6_bt_q4_automata-15474","2013–","Coupe","Benzin","V","6 henger","Összkerék","2 979 cm3","301 kW, 409 LE","Nagykocsi","4 ajtó","5 fõ",NA,"1 870 kg","1 945 mm","1 461 mm","4 971 mm","2 998 mm","80 l",NA,"Automata (8 fokozatú tiptronic) sebességváltó","284 km/h","4,8 s","550 Nm","235/50 R18 ","29 047 580 Ft","500 l","242 g/km","10,4 l/100km","15,7 l/100km","7,3 l/100km","12 m","EURO 5"
"27","MASERATI Ghibli 3.0 D V6 (Automata)  (2015–)","https://katalogus.hasznaltauto.hu/maserati/ghibli_3.0_d_v6_automata-100715","2015–","Coupe","Dízel","V","6 henger","Hátsó kerék","2 987 cm3","202 kW, 275 LE","Nagykocsi","4 ajtó","5 fõ","1 990 kg","2 540 kg","1 945 mm","1 461 mm","4 971 mm","2 998 mm","70 l","550 kg","Automata (8 fokozatú tiptronic) sebességváltó","250 km/h","6,3 s","600 Nm","235/50 R18 ","23 760 772 Ft","500 l","158 g/km","5,9 l/100km","7,6 l/100km","5,0 l/100km","12 m","EURO 6"
"28","MASERATI Ghibli 3.0 V6 (Automata)  (2018–)","https://katalogus.hasznaltauto.hu/maserati/ghibli_3.0_v6_automata-112309","2018–","Coupe","Benzin","V","6 henger","Hátsó kerék","2 979 cm3","257 kW, 350 LE","Nagykocsi","4 ajtó","5 fõ","1 810 kg","2 450 kg","1 945 mm","1 461 mm","4 971 mm","2 998 mm","80 l","640 kg","Automata (8 fokozatú tiptronic) sebességváltó","267 km/h","5,6 s","500 Nm","235/50 R18 ","26 271 200 Ft","500 l","207 g/km","8,9 l/100km","12,6 l/100km","6,8 l/100km","12 m","EURO 6"
"29","MASERATI Ghibli 3.0 V6 GranLusso (Automata)  (2018–)","https://katalogus.hasznaltauto.hu/maserati/ghibli_3.0_v6_granlusso_automata-112310","2018–","Coupe","Benzin","V","6 henger","Hátsó kerék","2 979 cm3","257 kW, 350 LE","Nagykocsi","4 ajtó","5 fõ","1 810 kg","2 450 kg","1 945 mm","1 461 mm","4 971 mm","2 998 mm","80 l","640 kg","Automata (8 fokozatú tiptronic) sebességváltó","267 km/h","5,6 s","500 Nm","235/50 R18 ","28 809 776 Ft","500 l","207 g/km","8,9 l/100km","12,6 l/100km","6,8 l/100km","12 m","EURO 6"
"30","MASERATI Ghibli 3.0 V6 GranSport (Automata)  (2018–)","https://katalogus.hasznaltauto.hu/maserati/ghibli_3.0_v6_gransport_automata-112311","2018–","Coupe","Benzin","V","6 henger","Hátsó kerék","2 979 cm3","257 kW, 350 LE","Nagykocsi","4 ajtó","5 fõ","1 810 kg","2 450 kg","1 945 mm","1 461 mm","4 971 mm","2 998 mm","80 l","640 kg","Automata (8 fokozatú tiptronic) sebességváltó","267 km/h","5,6 s","500 Nm","235/50 R18 ","28 809 776 Ft","500 l","207 g/km","8,9 l/100km","12,6 l/100km","6,8 l/100km","12 m","EURO 6"
"31","MASERATI Ghibli 3.0 V6 S (Automata)  (2018–)","https://katalogus.hasznaltauto.hu/maserati/ghibli_3.0_v6_s_automata-112312","2018–","Coupe","Benzin","V","6 henger","Hátsó kerék","2 979 cm3","316 kW, 430 LE","Nagykocsi","4 ajtó","5 fõ","1 810 kg","2 470 kg","1 945 mm","1 461 mm","4 971 mm","2 998 mm","80 l","660 kg","Automata (8 fokozatú tiptronic) sebességváltó","284 km/h","4,8 s","580 Nm","235/50 R18 275/45 R18 ","30 929 904 Ft","500 l","223 g/km","9,6 l/100km","13,8 l/100km","7,1 l/100km","12 m","EURO 6"
"32","MASERATI Ghibli 3.0 V6 S GranLusso (Automata)  (2018–)","https://katalogus.hasznaltauto.hu/maserati/ghibli_3.0_v6_s_granlusso_automata-112313","2018–","Coupe","Benzin","V","6 henger","Hátsó kerék","2 979 cm3","316 kW, 430 LE","Nagykocsi","4 ajtó","5 fõ","1 810 kg","2 470 kg","1 945 mm","1 461 mm","4 971 mm","2 998 mm","80 l","660 kg","Automata (8 fokozatú tiptronic) sebességváltó","284 km/h","4,8 s","580 Nm","235/50 R18 275/45 R18 ","34 047 220 Ft","500 l","223 g/km","9,6 l/100km","13,8 l/100km","7,1 l/100km","12 m","EURO 6"
"33","MASERATI Ghibli 3.0 V6 S GranSport (Automata)  (2018–)","https://katalogus.hasznaltauto.hu/maserati/ghibli_3.0_v6_s_gransport_automata-112314","2018–","Coupe","Benzin","V","6 henger","Hátsó kerék","2 979 cm3","316 kW, 430 LE","Nagykocsi","4 ajtó","5 fõ","1 810 kg","2 470 kg","1 945 mm","1 461 mm","4 971 mm","2 998 mm","80 l","660 kg","Automata (8 fokozatú tiptronic) sebességváltó","284 km/h","4,8 s","580 Nm","235/50 R18 275/45 R18 ","34 047 220 Ft","500 l","223 g/km","9,6 l/100km","13,8 l/100km","7,1 l/100km","12 m","EURO 6"
"34","MASERATI Ghibli 3.0 V6 S Q4 (Automata)  (2018–)","https://katalogus.hasznaltauto.hu/maserati/ghibli_3.0_v6_s_q4_automata-112315","2018–","Coupe","Benzin","V","6 henger","Összkerék","2 979 cm3","316 kW, 430 LE","Nagykocsi","4 ajtó","5 fõ","2 010 kg","2 530 kg","1 945 mm","1 461 mm","4 971 mm","2 998 mm","80 l","520 kg","Automata (8 fokozatú tiptronic) sebességváltó","284 km/h","4,8 s","550 Nm","235/50 R18 275/45 R18 ","32 031 075 Ft","500 l","246 g/km","10,5 l/100km","15,8 l/100km","7,6 l/100km","12 m","EURO 6"
"35","MASERATI Ghibli 3.0 V6 S Q4 GranLusso (Automata)  (2018–)","https://katalogus.hasznaltauto.hu/maserati/ghibli_3.0_v6_s_q4_granlusso_automata-112316","2018–","Coupe","Benzin","V","6 henger","Összkerék","2 979 cm3","316 kW, 430 LE","Nagykocsi","4 ajtó","5 fõ","2 010 kg","2 530 kg","1 945 mm","1 461 mm","4 971 mm","2 998 mm","80 l","520 kg","Automata (8 fokozatú tiptronic) sebességváltó","284 km/h","4,8 s","550 Nm","235/50 R18 275/45 R18 ","35 148 391 Ft","500 l","246 g/km","10,5 l/100km","15,8 l/100km","7,6 l/100km","12 m","EURO 6"
"36","MASERATI Ghibli 3.0 V6 S Q4 GranSport (Automata)  (2018–)","https://katalogus.hasznaltauto.hu/maserati/ghibli_3.0_v6_s_q4_gransport_automata-112317","2018–","Coupe","Benzin","V","6 henger","Összkerék","2 979 cm3","316 kW, 430 LE","Nagykocsi","4 ajtó","5 fõ","2 010 kg","2 530 kg","1 945 mm","1 461 mm","4 971 mm","2 998 mm","80 l","520 kg","Automata (8 fokozatú tiptronic) sebességváltó","284 km/h","4,8 s","550 Nm","235/50 R18 275/45 R18 ","35 148 391 Ft","500 l","246 g/km","10,5 l/100km","15,8 l/100km","7,6 l/100km","12 m","EURO 6"
"37","MASERATI Ghibli 3.0 D V6 GranLusso (Automata)  (2018–)","https://katalogus.hasznaltauto.hu/maserati/ghibli_3.0_d_v6_granlusso_automata-112318","2018–","Coupe","Dízel","V","6 henger","Hátsó kerék","2 987 cm3","202 kW, 275 LE","Nagykocsi","4 ajtó","5 fõ","1 990 kg","2 540 kg","1 945 mm","1 461 mm","4 971 mm","2 998 mm","70 l","550 kg","Automata (8 fokozatú tiptronic) sebességváltó","250 km/h","6,3 s","600 Nm","235/50 R18 ","28 356 235 Ft","500 l","158 g/km","5,9 l/100km","7,6 l/100km","5,0 l/100km","12 m","EURO 6"
"38","MASERATI Ghibli 3.0 D V6 GranSport (Automata)  (2018–)","https://katalogus.hasznaltauto.hu/maserati/ghibli_3.0_d_v6_gransport_automata-112319","2018–","Coupe","Dízel","V","6 henger","Hátsó kerék","2 987 cm3","202 kW, 275 LE","Nagykocsi","4 ajtó","5 fõ","1 990 kg","2 540 kg","1 945 mm","1 461 mm","4 971 mm","2 998 mm","70 l","550 kg","Automata (8 fokozatú tiptronic) sebességváltó","250 km/h","6,3 s","600 Nm","235/50 R18 ","28 356 235 Ft","500 l","158 g/km","5,9 l/100km","7,6 l/100km","5,0 l/100km","12 m","EURO 6"
"39","MASERATI Ghibli 3.0 V6 S (Automata)  (2020–)","https://katalogus.hasznaltauto.hu/maserati/ghibli_3.0_v6_s_automata-128355","2020–","Coupe","Benzin","V","6 henger","Hátsó kerék","2 979 cm3","316 kW, 430 LE","Nagykocsi","4 ajtó","5 fõ","1 810 kg","2 470 kg","1 945 mm","1 461 mm","4 971 mm","2 998 mm","80 l","660 kg","Automata (8 fokozatú tiptronic) sebességváltó","284 km/h","4,8 s","580 Nm","235/50 R18 275/45 R18 ","33 556 983 Ft","500 l","226 g/km","9,7 l/100km","13,8 l/100km","7,1 l/100km","12 m","EURO 6"
"40","MASERATI Ghibli 3.0 V6 S GranLusso (Automata)  (2020–)","https://katalogus.hasznaltauto.hu/maserati/ghibli_3.0_v6_s_granlusso_automata-128356","2020–","Coupe","Benzin","V","6 henger","Hátsó kerék","2 979 cm3","316 kW, 430 LE","Nagykocsi","4 ajtó","5 fõ","1 810 kg","2 470 kg","1 945 mm","1 461 mm","4 971 mm","2 998 mm","80 l","660 kg","Automata (8 fokozatú tiptronic) sebességváltó","284 km/h","4,8 s","580 Nm","245/45 R19 275/40 R19 ","37 503 229 Ft","500 l","226 g/km","9,7 l/100km","13,8 l/100km","7,1 l/100km","12 m","EURO 6"
"41","MASERATI Ghibli 3.0 V6 S GranSport (Automata)  (2020–)","https://katalogus.hasznaltauto.hu/maserati/ghibli_3.0_v6_s_gransport_automata-128357","2020–","Coupe","Benzin","V","6 henger","Hátsó kerék","2 979 cm3","316 kW, 430 LE","Nagykocsi","4 ajtó","5 fõ","1 810 kg","2 470 kg","1 945 mm","1 461 mm","4 971 mm","2 998 mm","80 l","660 kg","Automata (8 fokozatú tiptronic) sebességváltó","284 km/h","4,8 s","580 Nm","245/40 R20 285/35 R20 ","37 503 229 Ft","500 l","226 g/km","9,7 l/100km","13,8 l/100km","7,1 l/100km","12 m","EURO 6"
"42","MASERATI GranCabrio (Automata)  (2010-2012)","https://katalogus.hasznaltauto.hu/maserati/grancabrio_automata-15511","2010-2012","Cabrio","Benzin","V","8 henger","Hátsó kerék","4 691 cm3","323 kW, 439 LE","Nagykocsi","2 ajtó","4 fõ","1 980 kg","2 280 kg","1 915 mm","1 353 mm","4 881 mm","2 942 mm","75 l","300 kg","Automata (6 fokozatú tiptronic) sebességváltó","283 km/h","5,3 s","490 Nm",NA,"45 518 020 Ft","173 l","357 g/km","15,2 l/100km","23,2 l/100km","10,5 l/100km","12 m",NA
"43","MASERATI GranCabrio 4.7 (Automata)  (2013–)","https://katalogus.hasznaltauto.hu/maserati/grancabrio_4.7_automata-15512","2013–","Cabrio","Benzin","V","8 henger","Hátsó kerék","4 691 cm3","331 kW, 450 LE","Nagykocsi","2 ajtó","4 fõ","1 980 kg","2 280 kg","1 915 mm","1 380 mm","4 881 mm","2 942 mm",NA,"300 kg","Automata (6 fokozatú tiptronic) sebességváltó",NA,"5,2 s","520 Nm","245/35 R20 ","46 519 928 Ft",NA,"337 g/km","14,5 l/100km","22,5 l/100km","9,8 l/100km",NA,"EURO 5"
"44","MASERATI GranCabrio 4.7 Sport (Automata)  (2013–)","https://katalogus.hasznaltauto.hu/maserati/grancabrio_4.7_sport_automata-15513","2013–","Cabrio","Benzin","V","8 henger","Hátsó kerék","4 691 cm3","331 kW, 450 LE","Nagykocsi","2 ajtó","4 fõ","1 980 kg","2 280 kg","1 915 mm","1 380 mm","4 881 mm","2 942 mm",NA,"300 kg","Automata (6 fokozatú tiptronic) sebességváltó",NA,"5,2 s","520 Nm","245/35 R20 ","48 999 903 Ft",NA,"337 g/km","14,5 l/100km","22,5 l/100km","9,8 l/100km",NA,"EURO 5"
"45","MASERATI GranCabrio 4.7 MC (Automata)  (2013–)","https://katalogus.hasznaltauto.hu/maserati/grancabrio_4.7_mc_automata-15514","2013–","Cabrio","Benzin","V","8 henger","Hátsó kerék","4 691 cm3","331 kW, 450 LE","Nagykocsi","2 ajtó","4 fõ","1 980 kg","2 280 kg","1 915 mm","1 380 mm","4 881 mm","2 942 mm",NA,"300 kg","Automata (6 fokozatú tiptronic) sebességváltó",NA,"5,2 s","520 Nm","245/35 R20 ","52 899 895 Ft",NA,"337 g/km","14,5 l/100km","22,5 l/100km","9,8 l/100km",NA,"EURO 5"
"46","MASERATI GranCabrio 4.7 MC Centenario (Automata)  (2016–)","https://katalogus.hasznaltauto.hu/maserati/grancabrio_4.7_mc_centenario_automata-100720","2016–","Cabrio","Benzin","V","8 henger","Hátsó kerék","4 691 cm3","338 kW, 460 LE","Nagykocsi","2 ajtó","4 fõ","1 980 kg","2 280 kg","1 915 mm","1 380 mm","4 881 mm","2 942 mm",NA,"300 kg","Automata (6 fokozatú tiptronic) sebességváltó",NA,"5,2 s","520 Nm","245/35 R20 ","59 554 212 Ft",NA,"337 g/km","14,5 l/100km","22,5 l/100km","9,8 l/100km",NA,"EURO 6"
"47","MASERATI GranCabrio 4.7 EURO6 (Automata)  (2016–)","https://katalogus.hasznaltauto.hu/maserati/grancabrio_4.7_euro6_automata-103756","2016–","Cabrio","Benzin","V","8 henger","Hátsó kerék","4 691 cm3","331 kW, 450 LE","Nagykocsi","2 ajtó","4 fõ","1 980 kg","2 280 kg","1 915 mm","1 380 mm","4 881 mm","2 942 mm",NA,"300 kg","Automata (6 fokozatú tiptronic) sebességváltó",NA,"5,2 s","520 Nm","245/35 R20 ","46 874 041 Ft",NA,"337 g/km","14,5 l/100km","22,5 l/100km","9,8 l/100km",NA,"EURO 6"
"48","MASERATI GranCabrio 4.7 Sport EURO6 (Automata)  (2016–)","https://katalogus.hasznaltauto.hu/maserati/grancabrio_4.7_sport_euro6_automata-103757","2016–","Cabrio","Benzin","V","8 henger","Hátsó kerék","4 691 cm3","338 kW, 460 LE","Nagykocsi","2 ajtó","4 fõ","1 980 kg","2 280 kg","1 915 mm","1 380 mm","4 881 mm","2 942 mm",NA,"300 kg","Automata (6 fokozatú tiptronic) sebességváltó",NA,"5,2 s","520 Nm","245/35 R20 ","49 354 351 Ft",NA,"337 g/km","14,5 l/100km","22,5 l/100km","9,8 l/100km",NA,"EURO 6"
"49","MASERATI GranCabrio 4.7 MC EURO6 (Automata)  (2016–)","https://katalogus.hasznaltauto.hu/maserati/grancabrio_4.7_mc_euro6_automata-103758","2016–","Cabrio","Benzin","V","8 henger","Hátsó kerék","4 691 cm3","338 kW, 460 LE","Nagykocsi","2 ajtó","4 fõ","1 980 kg","2 280 kg","1 915 mm","1 380 mm","4 881 mm","2 942 mm",NA,"300 kg","Automata (6 fokozatú tiptronic) sebességváltó",NA,"5,2 s","520 Nm","245/35 R20 ","53 254 225 Ft",NA,"337 g/km","14,5 l/100km","22,5 l/100km","9,8 l/100km",NA,"EURO 6"
"50","MASERATI GranSport Coupe (2004-2008)","https://katalogus.hasznaltauto.hu/maserati/gransport_coupe-15509","2004-2008","Coupe","Benzin","V","8 henger","Hátsó kerék","4 244 cm3","295 kW, 401 LE","Nagykocsi","2 ajtó","4 fõ","1 680 kg",NA,"1 822 mm","1 295 mm","4 523 mm","2 660 mm","88 l",NA,"Manuális (6 fokozatú) sebességváltó","290 km/h","4,8 s","451 Nm","235/35 ZR18 265/30 ZR18 ","30 395 100 Ft","315 l","437 g/km","18,6 l/100km",NA,NA,NA,NA
"51","MASERATI GranSport Spyder (2006-2008)","https://katalogus.hasznaltauto.hu/maserati/gransport_spyder-15510","2006-2008","Cabrio","Benzin","V","8 henger","Hátsó kerék","4 244 cm3","295 kW, 401 LE","Nagykocsi","2 ajtó","4 fõ","1 680 kg",NA,"1 822 mm","1 295 mm","4 523 mm","2 660 mm","88 l",NA,"Manuális (6 fokozatú) sebességváltó","290 km/h","4,8 s","451 Nm","235/35 ZR18 265/30 ZR18 ","31 733 850 Ft","315 l","437 g/km","18,6 l/100km",NA,NA,NA,NA
"52","MASERATI GranTurismo (Automata)  (2007-2012)","https://katalogus.hasznaltauto.hu/maserati/granturismo_automata-15503","2007-2012","Coupe","Benzin","V","8 henger","Hátsó kerék","4 244 cm3","295 kW, 401 LE","Nagykocsi","2 ajtó","4 fõ","1 880 kg","2 180 kg","1 847 mm","1 353 mm","4 881 mm","2 942 mm","88 l","300 kg","Automata (6 fokozatú tiptronic) sebességváltó","290 km/h",NA,"460 Nm",NA,"38 608 740 Ft","450 l","451 g/km","19,2 l/100km","29,9 l/100km","12,9 l/100km",NA,NA
"53","MASERATI GranTurismo S (Automata)  (2009-2012)","https://katalogus.hasznaltauto.hu/maserati/granturismo_s_automata-15504","2009-2012","Coupe","Benzin","V","8 henger","Hátsó kerék","4 691 cm3","323 kW, 439 LE","Nagykocsi","2 ajtó","4 fõ","1 880 kg","2 180 kg","1 847 mm","1 353 mm","4 881 mm",NA,"88 l","300 kg","Automata (6 fokozatú tiptronic) sebességváltó","303 km/h","4,9 s","490 Nm",NA,"41 581 420 Ft","450 l","336 g/km","14,3 l/100km","21,5 l/100km","10,2 l/100km",NA,NA
"54","MASERATI GranTurismo DS (Automata)  (2009-2012)","https://katalogus.hasznaltauto.hu/maserati/granturismo_ds_automata-15505","2009-2012","Coupe","Benzin","V","8 henger","Hátsó kerék","4 691 cm3","323 kW, 439 LE","Nagykocsi","2 ajtó","4 fõ","1 880 kg","2 180 kg","1 847 mm","1 353 mm","4 881 mm",NA,"88 l","300 kg","Automata (6 fokozatú tiptronic) sebességváltó","303 km/h","4,9 s","490 Nm",NA,"43 588 890 Ft","450 l","336 g/km","14,3 l/100km","21,5 l/100km","10,2 l/100km",NA,NA
"55","MASERATI GranTurismo 4.2 (Automata)  (2013–)","https://katalogus.hasznaltauto.hu/maserati/granturismo_4.2_automata-15506","2013–","Coupe","Benzin","V","8 henger","Hátsó kerék","4 244 cm3","302 kW, 411 LE","Nagykocsi","2 ajtó","4 fõ",NA,"1 955 kg","2 056 mm","1 353 mm","4 881 mm","2 938 mm",NA,NA,"Automata (6 fokozatú tiptronic) sebességváltó","285 km/h","5,2 s","460 Nm","245/40 R19 ","39 403 072 Ft",NA,"330 g/km","14,3 l/100km","21,5 l/100km","10,0 l/100km",NA,"EURO 5"
"56","MASERATI GranTurismo 4.7 Sport (Automata)  (2013–)","https://katalogus.hasznaltauto.hu/maserati/granturismo_4.7_sport_automata-15507","2013–","Coupe","Benzin","V","8 henger","Hátsó kerék","4 691 cm3","338 kW, 460 LE","Nagykocsi","2 ajtó","4 fõ",NA,"1 880 kg","2 056 mm","1 353 mm","4 881 mm","2 938 mm",NA,NA,"Automata (6 fokozatú tiptronic) sebességváltó","298 km/h","4,8 s","520 Nm","245/35 R20 ","43 340 859 Ft",NA,"331 g/km","14,3 l/100km","21,9 l/100km","9,8 l/100km",NA,"EURO 5"
"57","MASERATI GranTurismo 4.7 MC Stradale (Automata)  (2013–)","https://katalogus.hasznaltauto.hu/maserati/granturismo_4.7_mc_stradale_automata-15508","2013–","Coupe","Benzin","V","8 henger","Hátsó kerék","4 691 cm3","338 kW, 460 LE","Nagykocsi","2 ajtó","4 fõ",NA,"1 800 kg","2 044 mm","1 343 mm","4 933 mm","2 938 mm",NA,NA,"Automata (6 fokozatú tiptronic) sebességváltó","303 km/h","4,5 s","520 Nm","245/35 R20 ","53 313 280 Ft",NA,"337 g/km","14,4 l/100km","22,7 l/100km","9,7 l/100km",NA,"EURO 5"
"58","MASERATI GranTurismo 4.7 Sport CC (Automata)  (2016–)","https://katalogus.hasznaltauto.hu/maserati/granturismo_4.7_sport_cc_automata-100716","2016–","Coupe","Benzin","V","8 henger","Hátsó kerék","4 691 cm3","338 kW, 460 LE","Nagykocsi","2 ajtó","4 fõ","1 880 kg","2 180 kg","2 056 mm","1 353 mm","4 881 mm","2 938 mm",NA,"300 kg","Automata (6 fokozatú tiptronic) sebességváltó","298 km/h","4,8 s","520 Nm","245/35 R20 ","45 606 603 Ft",NA,"331 g/km","14,3 l/100km","21,9 l/100km","9,8 l/100km",NA,"EURO 6"
"59","MASERATI GranTurismo 4.7 MC Centenario (Automata)  (2016–)","https://katalogus.hasznaltauto.hu/maserati/granturismo_4.7_mc_centenario_automata-100717","2016–","Coupe","Benzin","V","8 henger","Hátsó kerék","4 691 cm3","338 kW, 460 LE","Nagykocsi","2 ajtó","4 fõ","1 800 kg","2 180 kg","2 044 mm","1 343 mm","4 933 mm","2 938 mm",NA,"380 kg","Automata (6 fokozatú tiptronic) sebességváltó","303 km/h","4,5 s","520 Nm","245/35 R20 ","57 900 672 Ft",NA,"337 g/km","14,4 l/100km","22,7 l/100km","9,7 l/100km",NA,"EURO 6"
"60","MASERATI GranTurismo 4.2 EURO6 (Automata)  (2016–)","https://katalogus.hasznaltauto.hu/maserati/granturismo_4.2_euro6_automata-103753","2016–","Coupe","Benzin","V","8 henger","Hátsó kerék","4 244 cm3","302 kW, 411 LE","Nagykocsi","2 ajtó","4 fõ","1 955 kg","2 180 kg","2 056 mm","1 353 mm","4 881 mm","2 938 mm",NA,"225 kg","Automata (6 fokozatú tiptronic) sebességváltó","285 km/h","5,2 s","460 Nm","245/40 R19 ","39 757 205 Ft",NA,"330 g/km","14,3 l/100km","21,5 l/100km","10,0 l/100km",NA,"EURO 6"
"61","MASERATI GranTurismo 4.7 Sport EURO6 (Automata)  (2016–)","https://katalogus.hasznaltauto.hu/maserati/granturismo_4.7_sport_euro6_automata-103754","2016–","Coupe","Benzin","V","8 henger","Hátsó kerék","4 691 cm3","338 kW, 460 LE","Nagykocsi","2 ajtó","4 fõ","1 880 kg","2 180 kg","2 056 mm","1 353 mm","4 881 mm","2 938 mm",NA,"300 kg","Automata (6 fokozatú tiptronic) sebességváltó","298 km/h","4,8 s","520 Nm","245/35 R20 ","39 757 205 Ft",NA,"331 g/km","14,3 l/100km","21,9 l/100km","9,8 l/100km",NA,"EURO 6"
"62","MASERATI GranTurismo 4.7 MC Stradale EURO6 (Automata)  (2016–)","https://katalogus.hasznaltauto.hu/maserati/granturismo_4.7_mc_stradale_euro6_automata-103755","2016–","Coupe","Benzin","V","8 henger","Hátsó kerék","4 691 cm3","338 kW, 460 LE","Nagykocsi","2 ajtó","4 fõ","1 800 kg","2 180 kg","2 044 mm","1 343 mm","4 933 mm","2 938 mm",NA,"380 kg","Automata (6 fokozatú tiptronic) sebességváltó","303 km/h","4,5 s","520 Nm","245/35 R20 ","39 757 205 Ft",NA,"337 g/km","14,4 l/100km","22,7 l/100km","9,7 l/100km",NA,"EURO 6"
"63","MASERATI 3200 GT (1998-2002)","https://katalogus.hasznaltauto.hu/maserati/3200_gt-15476","1998-2002","Coupe","Benzin","V","8 henger","Hátsó kerék","3 217 cm3","271 kW, 369 LE","Nagykocsi","2 ajtó","4 fõ","1 590 kg","1 910 kg","1 822 mm","1 305 mm","4 510 mm","2 660 mm","90 l","320 kg","Manuális (6 fokozatú) sebességváltó","280 km/h","4,9 s","491 Nm","235/40 ZR18 265/35 ZR18 ","26 990 000 Ft","220 l","381 g/km","16,2 l/100km","24,6 l/100km","11,3 l/100km",NA,NA
"64","MASERATI 3200 GT (Automata)  (1998-2002)","https://katalogus.hasznaltauto.hu/maserati/3200_gt_automata-15477","1998-2002","Coupe","Benzin","V","8 henger","Hátsó kerék","3 217 cm3","271 kW, 369 LE","Nagykocsi","2 ajtó","4 fõ","1 620 kg","1 940 kg","1 822 mm","1 305 mm","4 510 mm","2 660 mm","90 l","320 kg","Automata (4 fokozatú) sebességváltó","280 km/h","4,9 s","491 Nm","235/40 ZR18 265/35 ZR18 ","27 990 000 Ft","220 l","381 g/km","16,2 l/100km","24,6 l/100km","11,3 l/100km",NA,NA
"65","MASERATI 4.2 (1969-1974)","https://katalogus.hasznaltauto.hu/maserati/4.2-71888","1969-1974","Coupe","Benzin",NA,"8 henger","Hátsó kerék","4 136 cm3","191 kW, 260 LE",NA,NA,NA,NA,NA,NA,NA,NA,NA,NA,NA,NA,NA,NA,NA,NA,NA,NA,NA,NA,NA,NA,NA,NA
"66","MASERATI 4.7 (1972-1974)","https://katalogus.hasznaltauto.hu/maserati/4.7-71889","1972-1974","Coupe","Benzin",NA,"8 henger","Hátsó kerék","4 710 cm3","213 kW, 290 LE",NA,NA,NA,NA,NA,NA,NA,NA,NA,NA,NA,NA,NA,NA,NA,NA,NA,NA,NA,NA,NA,NA,NA,NA
"67","MASERATI 4.9 (1972-1974)","https://katalogus.hasznaltauto.hu/maserati/4.9-71890","1972-1974","Coupe","Benzin",NA,"8 henger","Hátsó kerék","4 930 cm3","235 kW, 320 LE",NA,NA,NA,NA,NA,NA,NA,NA,NA,NA,NA,NA,NA,NA,NA,NA,NA,NA,NA,NA,NA,NA,NA,NA
"68","MASERATI 4.1 (1969-1970)","https://katalogus.hasznaltauto.hu/maserati/4.1-71891","1969-1970","Lépcsõshátú","Benzin",NA,"8 henger",NA,"4 136 cm3",NA,NA,NA,NA,NA,NA,NA,NA,NA,NA,NA,NA,NA,NA,NA,NA,NA,NA,NA,NA,NA,NA,NA,NA,NA
"69","MASERATI 4.2 (1971.)","https://katalogus.hasznaltauto.hu/maserati/4.2-71892","1971.","Lépcsõshátú","Benzin",NA,"8 henger",NA,"4 136 cm3",NA,NA,NA,NA,NA,NA,NA,NA,NA,NA,NA,NA,NA,NA,NA,NA,NA,NA,NA,NA,NA,NA,NA,NA,NA
"70","MASERATI 4.7 (1972-1973)","https://katalogus.hasznaltauto.hu/maserati/4.7-71893","1972-1973","Lépcsõshátú","Benzin",NA,"8 henger",NA,"4 719 cm3",NA,NA,NA,NA,NA,NA,NA,NA,NA,NA,NA,NA,NA,NA,NA,NA,NA,NA,NA,NA,NA,NA,NA,NA,NA
"71","MASERATI 4.9 (1974-1982)","https://katalogus.hasznaltauto.hu/maserati/4.9-78774","1974-1982","Coupe","Benzin","V","8 henger","Hátsó kerék","4 930 cm3","235 kW, 320 LE",NA,NA,NA,NA,NA,NA,NA,NA,NA,NA,NA,NA,NA,NA,NA,NA,NA,NA,NA,NA,NA,NA,NA,NA
"72","MASERATI 4.9 (1974.)","https://katalogus.hasznaltauto.hu/maserati/4.9-78775","1974.","Lépcsõshátú","Benzin",NA,"8 henger",NA,"4 930 cm3",NA,NA,NA,NA,NA,NA,NA,NA,NA,NA,NA,NA,NA,NA,NA,NA,NA,NA,NA,NA,NA,NA,NA,NA,NA
"73","MASERATI 4.9 16V (1975-1979)","https://katalogus.hasznaltauto.hu/maserati/4.9_16v-78776","1975-1979","Coupe","Benzin",NA,"8 henger","Hátsó kerék","4 930 cm3",NA,NA,"2 ajtó",NA,NA,NA,NA,NA,NA,NA,NA,NA,NA,NA,NA,NA,NA,NA,NA,NA,NA,NA,NA,NA,NA
"74","MASERATI 4.2 (1976-1985)","https://katalogus.hasznaltauto.hu/maserati/4.2-78777","1976-1985","Coupe","Benzin","V","8 henger","Hátsó kerék","4 136 cm3","188 kW, 256 LE",NA,NA,NA,NA,NA,NA,NA,NA,NA,NA,NA,NA,NA,NA,NA,NA,NA,NA,NA,NA,NA,NA,NA,NA
"75","MASERATI 4.9 (1976-1985)","https://katalogus.hasznaltauto.hu/maserati/4.9-78778","1976-1985","Coupe","Benzin","V","8 henger","Hátsó kerék","4 930 cm3","206 kW, 280 LE",NA,NA,NA,NA,NA,NA,NA,NA,NA,NA,NA,NA,NA,NA,NA,NA,NA,NA,NA,NA,NA,NA,NA,NA
"76","MASERATI Levante 3.0 V6 S (Automata)  (2016–)","https://katalogus.hasznaltauto.hu/maserati/levante_3.0_v6_s_automata-107618","2016–","Városi terepjáró (crossover)","Benzin","V","6 henger","Összkerék","2 979 cm3","316 kW, 430 LE","Terepjáró","5 ajtó","5 fõ",NA,"2 109 kg","1 968 mm","1 679 mm","5 003 mm","3 004 mm","80 l",NA,"Automata (8 fokozatú tiptronic) sebességváltó","264 km/h","5,2 s","580 Nm","265/50 R19 295/45 R19 ","31 906 433 Ft","580 l","253 g/km","10,9 l/100km","15,0 l/100km","8,5 l/100km",NA,NA
"77","MASERATI Levante 3.0 D V6 (Automata)  (2016–)","https://katalogus.hasznaltauto.hu/maserati/levante_3.0_d_v6_automata-107619","2016–","Városi terepjáró (crossover)","Dízel","V","6 henger","Összkerék","2 987 cm3","202 kW, 275 LE","Terepjáró","5 ajtó","5 fõ",NA,"2 205 kg","1 968 mm","1 679 mm","5 003 mm","3 004 mm","80 l",NA,"Automata (8 fokozatú tiptronic) sebességváltó","230 km/h","6,9 s","600 Nm","255/60 R18 ","25 576 390 Ft","580 l","189 g/km","7,2 l/100km","8,2 l/100km","6,6 l/100km",NA,"EURO 6"
"78","MASERATI Levante 3.0 V6 (Automata)  (2017–)","https://katalogus.hasznaltauto.hu/maserati/levante_3.0_v6_automata-114494","2017–","Városi terepjáró (crossover)","Benzin","V","6 henger","Összkerék","2 979 cm3","257 kW, 350 LE","Terepjáró","5 ajtó","5 fõ","2 019 kg","2 780 kg","1 968 mm","1 679 mm","5 003 mm","3 004 mm","80 l","761 kg","Automata (8 fokozatú tiptronic) sebességváltó","251 km/h","6,0 s","500 Nm","265/50 R19 295/45 R19 ","28 347 586 Ft","580 l","249 g/km","10,7 l/100km","14,8 l/100km","8,3 l/100km",NA,"EURO 6"
"79","MASERATI Levante 3.0 V6 GranLusso (Automata)  (2018–)","https://katalogus.hasznaltauto.hu/maserati/levante_3.0_v6_granlusso_automata-114495","2018–","Városi terepjáró (crossover)","Benzin","V","6 henger","Összkerék","2 979 cm3","257 kW, 350 LE","Terepjáró","5 ajtó","5 fõ","2 019 kg","2 780 kg","1 968 mm","1 679 mm","5 003 mm","3 004 mm","80 l","761 kg","Automata (8 fokozatú tiptronic) sebességváltó","251 km/h","6,0 s","500 Nm","265/50 R19 295/45 R19 ","31 991 476 Ft","580 l","249 g/km","10,7 l/100km","14,8 l/100km","8,3 l/100km",NA,"EURO 6"
"80","MASERATI Levante 3.0 V6 GranSport (Automata)  (2018–)","https://katalogus.hasznaltauto.hu/maserati/levante_3.0_v6_gransport_automata-114496","2018–","Városi terepjáró (crossover)","Benzin","V","6 henger","Összkerék","2 979 cm3","257 kW, 350 LE","Terepjáró","5 ajtó","5 fõ","2 019 kg","2 780 kg","1 968 mm","1 679 mm","5 003 mm","3 004 mm","80 l","761 kg","Automata (8 fokozatú tiptronic) sebességváltó","251 km/h","6,0 s","500 Nm","265/45 R20 295/40 R20 ","31 991 476 Ft","580 l","249 g/km","10,7 l/100km","14,8 l/100km","8,3 l/100km",NA,"EURO 6"
"81","MASERATI Levante 3.0 S V6 GranLusso (Automata)  (2018–)","https://katalogus.hasznaltauto.hu/maserati/levante_3.0_s_v6_granlusso_automata-114497","2018–","Városi terepjáró (crossover)","Benzin","V","6 henger","Összkerék","2 979 cm3","316 kW, 430 LE","Terepjáró","5 ajtó","5 fõ","2 019 kg","2 780 kg","1 968 mm","1 679 mm","5 003 mm","3 004 mm","80 l","761 kg","Automata (8 fokozatú tiptronic) sebességváltó","264 km/h","5,2 s","580 Nm","265/50 R19 295/45 R19 ","36 424 806 Ft","580 l","253 g/km","10,9 l/100km","15,0 l/100km","8,5 l/100km",NA,"EURO 6"
"82","MASERATI Levante 3.0 S V6 GranSport (Automata)  (2018–)","https://katalogus.hasznaltauto.hu/maserati/levante_3.0_s_v6_gransport_automata-114498","2018–","Városi terepjáró (crossover)","Benzin","V","6 henger","Összkerék","2 979 cm3","316 kW, 430 LE","Terepjáró","5 ajtó","5 fõ","2 019 kg","2 780 kg","1 968 mm","1 679 mm","5 003 mm","3 004 mm","80 l","761 kg","Automata (8 fokozatú tiptronic) sebességváltó","264 km/h","5,2 s","580 Nm","265/45 R20 295/40 R20 ","36 424 806 Ft","580 l","253 g/km","10,9 l/100km","15,0 l/100km","8,5 l/100km",NA,"EURO 6"
"83","MASERATI Levante 3.0 D V6 GranLusso (Automata)  (2018–)","https://katalogus.hasznaltauto.hu/maserati/levante_3.0_d_v6_granlusso_automata-114499","2018–","Városi terepjáró (crossover)","Dízel","V","6 henger","Összkerék","2 987 cm3","202 kW, 275 LE","Terepjáró","5 ajtó","5 fõ","2 205 kg","2 895 kg","1 968 mm","1 679 mm","5 003 mm","3 004 mm","80 l","690 kg","Automata (8 fokozatú tiptronic) sebességváltó","230 km/h","6,9 s","600 Nm","255/60 R18 ","30 123 417 Ft","580 l","189 g/km","7,2 l/100km","8,2 l/100km","6,6 l/100km",NA,"EURO 6"
"84","MASERATI Levante 3.0 D V6 GranSport (Automata)  (2018–)","https://katalogus.hasznaltauto.hu/maserati/levante_3.0_d_v6_gransport_automata-114500","2018–","Városi terepjáró (crossover)","Dízel","V","6 henger","Összkerék","2 987 cm3","202 kW, 275 LE","Terepjáró","5 ajtó","5 fõ","2 205 kg","2 895 kg","1 968 mm","1 679 mm","5 003 mm","3 004 mm","80 l","690 kg","Automata (8 fokozatú tiptronic) sebességváltó","230 km/h","6,9 s","600 Nm","265/45 R20 295/40 R20 ","30 123 417 Ft","580 l","189 g/km","7,2 l/100km","8,2 l/100km","6,6 l/100km",NA,"EURO 6"
"85","MASERATI Levante 3.8 V8 GTS (Automata)  (2020–)","https://katalogus.hasznaltauto.hu/maserati/levante_3.8_v8_gts_automata-129254","2020–","Városi terepjáró (crossover)","Benzin","V","8 henger","Összkerék","3 799 cm3","390 kW, 530 LE","Nagykocsi","5 ajtó","5 fõ","2 170 kg","2 780 kg","1 981 mm","1 698 mm","5 020 mm","3 004 mm","80 l","610 kg","Automata (8 fokozatú tiptronic) sebességváltó","292 km/h","4,2 s","730 Nm","265/45 R20 295/40 R20 ","51 833 482 Ft","580 l","313 g/km","13,5 l/100km","18,8 l/100km","10,5 l/100km",NA,"EURO 6"
"86","MASERATI Levante 3.8 V8 Trofeo (Automata)  (2020–)","https://katalogus.hasznaltauto.hu/maserati/levante_3.8_v8_trofeo_automata-129255","2020–","Városi terepjáró (crossover)","Benzin","V","8 henger","Összkerék","3 799 cm3","426 kW, 579 LE","Nagykocsi","5 ajtó","5 fõ","2 170 kg","2 780 kg","1 981 mm","1 698 mm","5 020 mm","3 004 mm","80 l","610 kg","Automata (8 fokozatú tiptronic) sebességváltó","304 km/h","3,9 s","730 Nm","265/40 R21 295/35 R21 ","59 370 362 Ft","580 l","313 g/km","13,5 l/100km","18,8 l/100km","10,5 l/100km",NA,"EURO 6"
"87","MASERATI 2.0 (1976-1983)","https://katalogus.hasznaltauto.hu/maserati/2.0-71894","1976-1983","Coupe","Benzin","V","6 henger","Hátsó kerék","1 999 cm3","125 kW, 170 LE",NA,NA,NA,NA,NA,NA,NA,NA,NA,NA,NA,NA,NA,NA,NA,NA,NA,NA,NA,NA,NA,NA,NA,NA
"88","MASERATI 3.0 SS (1975-1983)","https://katalogus.hasznaltauto.hu/maserati/3.0_ss-71895","1975-1983","Coupe","Benzin","V","6 henger","Hátsó kerék","2 965 cm3","162 kW, 220 LE",NA,NA,NA,NA,NA,NA,NA,NA,NA,NA,NA,NA,NA,NA,NA,NA,NA,NA,NA,NA,NA,NA,NA,NA
"89","MASERATI 3.0 (1971-1974)","https://katalogus.hasznaltauto.hu/maserati/3.0-71896","1971-1974","Lépcsõshátú","Benzin",NA,"6 henger",NA,"2 965 cm3",NA,NA,NA,NA,NA,NA,NA,NA,NA,NA,NA,NA,NA,NA,NA,NA,NA,NA,NA,NA,NA,NA,NA,NA,NA
"90","MASERATI 3.0 12V (1975-1982)","https://katalogus.hasznaltauto.hu/maserati/3.0_12v-71897","1975-1982","Coupe","Benzin",NA,"6 henger","Hátsó kerék","2 965 cm3",NA,NA,"2 ajtó",NA,NA,NA,NA,NA,NA,NA,NA,NA,"Manuális sebességváltó",NA,NA,NA,NA,NA,NA,NA,NA,NA,NA,NA,NA
"91","MASERATI 3.0 12V (1980-1982)","https://katalogus.hasznaltauto.hu/maserati/3.0_12v-71898","1980-1982","Coupe","Benzin",NA,"6 henger","Hátsó kerék","2 965 cm3",NA,NA,"2 ajtó",NA,NA,NA,NA,NA,NA,NA,NA,NA,"Manuális sebességváltó",NA,NA,NA,NA,NA,NA,NA,NA,NA,NA,NA,NA
"92","MASERATI 4.2 (1967-1972)","https://katalogus.hasznaltauto.hu/maserati/4.2-71899","1967-1972","Coupe","Benzin",NA,"8 henger","Hátsó kerék","4 136 cm3","191 kW, 260 LE",NA,NA,NA,NA,NA,NA,NA,NA,NA,NA,NA,NA,NA,NA,NA,NA,NA,NA,NA,NA,NA,NA,NA,NA
"93","MASERATI 4.7 (1967-1972)","https://katalogus.hasznaltauto.hu/maserati/4.7-71900","1967-1972","Coupe","Benzin",NA,"8 henger","Hátsó kerék","4 710 cm3","213 kW, 290 LE",NA,NA,NA,NA,NA,NA,NA,NA,NA,NA,NA,NA,NA,NA,NA,NA,NA,NA,NA,NA,NA,NA,NA,NA
"94","MASERATI 4.1 (1968.)","https://katalogus.hasznaltauto.hu/maserati/4.1-71901","1968.","Lépcsõshátú","Benzin",NA,"8 henger",NA,"4 136 cm3",NA,NA,NA,NA,NA,NA,NA,NA,NA,NA,NA,NA,NA,NA,NA,NA,NA,NA,NA,NA,NA,NA,NA,NA,NA
"95","MASERATI 4.7 (1968.)","https://katalogus.hasznaltauto.hu/maserati/4.7-71902","1968.","Lépcsõshátú","Benzin",NA,"8 henger",NA,"4 719 cm3",NA,NA,NA,NA,NA,NA,NA,NA,NA,NA,NA,NA,NA,NA,NA,NA,NA,NA,NA,NA,NA,NA,NA,NA,NA
"96","MASERATI 3.7 (1968-1970)","https://katalogus.hasznaltauto.hu/maserati/3.7-78779","1968-1970","Lépcsõshátú","Benzin",NA,"6 henger",NA,"3 694 cm3",NA,NA,NA,NA,NA,NA,NA,NA,NA,NA,NA,NA,NA,NA,NA,NA,NA,NA,NA,NA,NA,NA,NA,NA,NA
"97","MASERATI 4.0 (1968-1970)","https://katalogus.hasznaltauto.hu/maserati/4.0-78780","1968-1970","Lépcsõshátú","Benzin",NA,"6 henger",NA,"4 014 cm3",NA,NA,NA,NA,NA,NA,NA,NA,NA,NA,NA,NA,NA,NA,NA,NA,NA,NA,NA,NA,NA,NA,NA,NA,NA
"98","MASERATI Quattroporte 24V (1995-1998)","https://katalogus.hasznaltauto.hu/maserati/quattroporte_24v-15485","1995-1998","Sedan","Benzin","V","6 henger","Hátsó kerék","1 996 cm3","209 kW, 284 LE","Nagykocsi","4 ajtó","5 fõ","1 540 kg","1 945 kg","1 810 mm","1 380 mm","4 550 mm","2 650 mm",NA,"405 kg","Manuális (6 fokozatú) sebességváltó","260 km/h","5,9 s","362 Nm","205/55 ZR16 225/50 ZR16 ","18 690 000 Ft","435 l","244 g/km","10,4 l/100km","16,1 l/100km","8,5 l/100km",NA,NA
"99","MASERATI Quattroporte 24V (1995-1998)","https://katalogus.hasznaltauto.hu/maserati/quattroporte_24v-15486","1995-1998","Sedan","Benzin","V","6 henger","Hátsó kerék","2 790 cm3","209 kW, 284 LE","Nagykocsi","4 ajtó","5 fõ","1 543 kg","1 960 kg","1 810 mm","1 380 mm","4 550 mm","2 650 mm",NA,"417 kg","Manuális (6 fokozatú) sebességváltó","260 km/h","5,9 s","422 Nm","205/55 ZR16 225/50 ZR16 ","19 990 000 Ft","435 l","336 g/km","14,3 l/100km","20,3 l/100km","11,0 l/100km",NA,NA
"100","MASERATI Quattroporte 24V (Automata)  (1997-2001)","https://katalogus.hasznaltauto.hu/maserati/quattroporte_24v_automata-15487","1997-2001","Sedan","Benzin","V","6 henger","Hátsó kerék","2 790 cm3","209 kW, 284 LE","Nagykocsi","4 ajtó","5 fõ","1 571 kg","1 960 kg","1 810 mm","1 380 mm","4 550 mm","2 650 mm","100 l","389 kg","Automata (4 fokozatú) sebességváltó","255 km/h","5,9 s","397 Nm","205/55 ZR16 ",NA,"435 l",NA,NA,NA,NA,NA,NA
"101","MASERATI Quattroporte V6 Evoluzione (1998-2002)","https://katalogus.hasznaltauto.hu/maserati/quattroporte_v6_evoluzione-15488","1998-2002","Sedan","Benzin","V","6 henger","Hátsó kerék","2 790 cm3","209 kW, 284 LE","Nagykocsi","4 ajtó","5 fõ","1 545 kg","1 960 kg","1 810 mm","1 380 mm","4 550 mm","2 650 mm","100 l","415 kg","Manuális (6 fokozatú) sebességváltó","260 km/h","5,9 s","397 Nm","225/45 ZR17 245/40 ZR17 ","23 590 000 Ft","435 l","254 g/km","10,8 l/100km","18,8 l/100km","9,3 l/100km",NA,NA
"102","MASERATI Quattroporte V6 Evoluzione (Automata)  (1998-2002)","https://katalogus.hasznaltauto.hu/maserati/quattroporte_v6_evoluzione_automata-15489","1998-2002","Sedan","Benzin","V","6 henger","Hátsó kerék","2 790 cm3","209 kW, 284 LE","Nagykocsi","4 ajtó","5 fõ","1 545 kg","1 960 kg","1 810 mm","1 380 mm","4 550 mm","2 650 mm","100 l","415 kg","Automata (4 fokozatú) sebességváltó","260 km/h","5,9 s","397 Nm","225/45 ZR17 245/40 ZR17 ","24 550 000 Ft","435 l","261 g/km","11,1 l/100km","20,3 l/100km","11,0 l/100km",NA,NA
"103","MASERATI Quattroporte V8 32V (1995-1998)","https://katalogus.hasznaltauto.hu/maserati/quattroporte_v8_32v-15490","1995-1998","Sedan","Benzin","V","8 henger","Hátsó kerék","3 217 cm3","247 kW, 336 LE","Nagykocsi","4 ajtó","5 fõ","1 647 kg","2 045 kg","1 810 mm","1 380 mm","4 550 mm","2 650 mm",NA,"398 kg","Manuális (6 fokozatú) sebességváltó","270 km/h","5,8 s","450 Nm","225/45 ZR17 245/40 ZR17 ","22 990 000 Ft","435 l","362 g/km","15,4 l/100km","25,0 l/100km","10,0 l/100km",NA,NA
"104","MASERATI Quattroporte V8 32V (Automata)  (1995-1998)","https://katalogus.hasznaltauto.hu/maserati/quattroporte_v8_32v_automata-15491","1995-1998","Sedan","Benzin","V","8 henger","Hátsó kerék","3 217 cm3","247 kW, 336 LE","Nagykocsi","4 ajtó","5 fõ","1 660 kg","2 045 kg","1 810 mm","1 380 mm","4 550 mm","2 650 mm",NA,"385 kg","Automata (4 fokozatú) sebességváltó","265 km/h","6,5 s","450 Nm","225/45 ZR17 245/40 ZR17 ","24 490 000 Ft","435 l","385 g/km","16,4 l/100km","26,0 l/100km","11,0 l/100km",NA,NA
"105","MASERATI Quattroporte V8 Evoluzione (1998-2002)","https://katalogus.hasznaltauto.hu/maserati/quattroporte_v8_evoluzione-15492","1998-2002","Sedan","Benzin","V","8 henger","Hátsó kerék","3 217 cm3","247 kW, 336 LE","Nagykocsi","4 ajtó","5 fõ","1 645 kg","2 045 kg","1 810 mm","1 380 mm","4 550 mm","2 650 mm","100 l","400 kg","Manuális (6 fokozatú) sebességváltó","270 km/h","5,8 s","450 Nm","225/45 ZR17 245/40 ZR17 ","25 990 000 Ft","435 l","376 g/km","16,0 l/100km","24,8 l/100km","10,8 l/100km",NA,NA
"106","MASERATI Quattroporte V8 Evoluzione (Automata)  (1998-2002)","https://katalogus.hasznaltauto.hu/maserati/quattroporte_v8_evoluzione_automata-15493","1998-2002","Sedan","Benzin","V","8 henger","Hátsó kerék","3 217 cm3","247 kW, 336 LE","Nagykocsi","4 ajtó","5 fõ","1 645 kg","2 045 kg","1 810 mm","1 380 mm","4 550 mm","2 650 mm","100 l","400 kg","Automata (4 fokozatú) sebességváltó","270 km/h","5,8 s","450 Nm","225/45 ZR17 245/40 ZR17 ","26 990 000 Ft","435 l","376 g/km","16,0 l/100km","24,8 l/100km","10,8 l/100km",NA,NA
"107","MASERATI Quattroporte FC (2004-2009)","https://katalogus.hasznaltauto.hu/maserati/quattroporte_fc-15494","2004-2009","Sedan","Benzin","V","8 henger","Hátsó kerék","4 244 cm3","294 kW, 400 LE","Nagykocsi","4 ajtó","4 fõ",NA,"1 930 kg","1 895 mm","1 438 mm","5 052 mm","2 660 mm","88 l",NA,"Manuális (6 fokozatú) sebességváltó","275 km/h","5,2 s","451 Nm","245/45 ZR18 285/40 ZR18 ","36 505 560 Ft","450 l","407 g/km","17,3 l/100km","23,2 l/100km","11,5 l/100km",NA,"EURO 3"
"108","MASERATI Quattroporte Sport GT (2006-2008)","https://katalogus.hasznaltauto.hu/maserati/quattroporte_sport_gt-15495","2006-2008","Sedan","Benzin","V","8 henger","Hátsó kerék","4 244 cm3","294 kW, 400 LE","Nagykocsi","4 ajtó","4 fõ",NA,"1 930 kg","1 895 mm","1 438 mm","5 052 mm","2 660 mm","88 l",NA,"Manuális (6 fokozatú) sebességváltó","275 km/h","5,2 s","451 Nm","245/45 ZR18 285/40 ZR18 ","34 740 300 Ft","450 l","444 g/km","18,9 l/100km",NA,NA,NA,NA
"109","MASERATI Quattroporte Executive GT (2006-2008)","https://katalogus.hasznaltauto.hu/maserati/quattroporte_executive_gt-15496","2006-2008","Sedan","Benzin","V","8 henger","Hátsó kerék","4 244 cm3","294 kW, 400 LE","Nagykocsi","4 ajtó","4 fõ",NA,"1 930 kg","1 895 mm","1 438 mm","5 052 mm","2 660 mm","88 l",NA,"Manuális (6 fokozatú) sebességváltó","275 km/h","5,2 s","451 Nm","245/45 ZR18 285/40 ZR18 ","35 734 800 Ft","450 l","444 g/km","18,9 l/100km",NA,NA,NA,NA
"110","MASERATI Quattroporte Sport GTS (2007-2008)","https://katalogus.hasznaltauto.hu/maserati/quattroporte_sport_gts-15497","2007-2008","Sedan","Benzin","V","8 henger","Hátsó kerék","4 244 cm3","294 kW, 400 LE","Nagykocsi","4 ajtó","4 fõ",NA,"1 930 kg","1 895 mm","1 438 mm","5 052 mm","2 660 mm","88 l",NA,"Manuális (6 fokozatú) sebességváltó","275 km/h","5,2 s","451 Nm","245/45 ZR18 285/40 ZR18 ","36 040 800 Ft","450 l","444 g/km","18,9 l/100km",NA,NA,NA,NA
"111","MASERATI Quattroporte (2009-2012)","https://katalogus.hasznaltauto.hu/maserati/quattroporte-15498","2009-2012","Sedan","Benzin","V","8 henger","Hátsó kerék","4 244 cm3","294 kW, 400 LE","Nagykocsi","4 ajtó","4 fõ",NA,"2 065 kg","1 885 mm","1 438 mm","5 097 mm","3 064 mm","90 l",NA,"Manuális (6 fokozatú) sebességváltó","270 km/h","5,6 s","460 Nm",NA,"39 336 930 Ft","450 l","345 g/km","14,7 l/100km","21,9 l/100km","10,5 l/100km","12 m",NA
"112","MASERATI Quattroporte S (2009-2012)","https://katalogus.hasznaltauto.hu/maserati/quattroporte_s-15499","2009-2012","Sedan","Benzin","V","8 henger","Hátsó kerék","4 691 cm3","317 kW, 431 LE","Nagykocsi","4 ajtó","4 fõ",NA,"2 065 kg","1 885 mm","1 438 mm","5 097 mm","3 064 mm",NA,NA,"Manuális (6 fokozatú) sebességváltó","280 km/h","5,4 s","490 Nm",NA,"42 329 050 Ft","450 l","369 g/km","15,7 l/100km","23,9 l/100km","10,9 l/100km","12 m",NA
"113","MASERATI Quattroporte Sport GTS (2009-2012)","https://katalogus.hasznaltauto.hu/maserati/quattroporte_sport_gts-15500","2009-2012","Sedan","Benzin","V","8 henger","Hátsó kerék","4 691 cm3","317 kW, 431 LE","Nagykocsi","4 ajtó","4 fõ",NA,"2 065 kg","1 885 mm","1 438 mm","5 097 mm","3 064 mm",NA,NA,"Manuális (6 fokozatú) sebességváltó","285 km/h","5,1 s","490 Nm",NA,"45 636 130 Ft","450 l","369 g/km","15,7 l/100km","23,9 l/100km","10,9 l/100km","12 m",NA
"114","MASERATI Quattroporte 3.0 V6 S Q4 Aut. (2013–)","https://katalogus.hasznaltauto.hu/maserati/quattroporte_3.0_v6_s_q4_aut.-15501","2013–","Sedan","Benzin","V","6 henger","Összkerék","2 979 cm3","301 kW, 409 LE","Nagykocsi","4 ajtó","4 fõ",NA,"1 920 kg","1 948 mm","1 481 mm","5 262 mm","3 171 mm","80 l",NA,"Automata (8 fokozatú tiptronic) sebességváltó","283 km/h","4,9 s","550 Nm","245/45 R19 ","37 811 342 Ft","530 l","246 g/km","10,6 l/100km","15,4 l/100km","7,8 l/100km","12 m","EURO 5"
"115","MASERATI Quattroporte 3.8 V8 GTS (Automata)  (2013–)","https://katalogus.hasznaltauto.hu/maserati/quattroporte_3.8_v8_gts_automata-15502","2013–","Sedan","Benzin","V","8 henger","Hátsó kerék","3 798 cm3","390 kW, 530 LE","Nagykocsi","4 ajtó","4 fõ",NA,"1 900 kg","1 948 mm","1 481 mm","5 262 mm","3 171 mm","80 l",NA,"Automata (8 fokozatú tiptronic) sebességváltó","307 km/h","4,7 s","650 Nm","245/40 R20 ","51 246 355 Ft","530 l","274 g/km","11,8 l/100km","17,4 l/100km","8,5 l/100km","12 m","EURO 5"
"116","MASERATI Quattroporte 3.0 V6 S (Automata)  (2016–)","https://katalogus.hasznaltauto.hu/maserati/quattroporte_3.0_v6_s_automata-100718","2016–","Sedan","Benzin","V","6 henger","Hátsó kerék","2 979 cm3","301 kW, 409 LE","Nagykocsi","4 ajtó","4 fõ","1 645 kg","2 065 kg","1 948 mm","1 481 mm","5 262 mm","3 171 mm","80 l","420 kg","Automata (8 fokozatú tiptronic) sebességváltó","285 km/h","5,1 s","550 Nm","245/45 R19 ","36 863 510 Ft","530 l","242 g/km","10,4 l/100km","15,7 l/100km","7,4 l/100km","12 m","EURO 6"
"117","MASERATI Quattroporte 3.0 D (Automata)  (2016–)","https://katalogus.hasznaltauto.hu/maserati/quattroporte_3.0_d_automata-100719","2016–","Sedan","Dízel","V","6 henger","Hátsó kerék","2 987 cm3","202 kW, 275 LE","Nagykocsi","4 ajtó","4 fõ","1 645 kg","2 065 kg","1 948 mm","1 481 mm","5 262 mm","3 171 mm","70 l","420 kg","Automata (8 fokozatú tiptronic) sebességváltó","250 km/h","6,4 s","660 Nm","245/45 R19 ","33 710 800 Ft","530 l","163 g/km","6,2 l/100km","7,8 l/100km","5,2 l/100km","12 m","EURO 6"
"118","MASERATI Quattroporte 3.0 V6 S Q4 EURO6 (Automata)  (2016–)","https://katalogus.hasznaltauto.hu/maserati/quattroporte_3.0_v6_s_q4_euro6_automata-103751","2016–","Sedan","Benzin","V","6 henger","Összkerék","2 979 cm3","301 kW, 409 LE","Nagykocsi","4 ajtó","4 fõ","1 645 kg","2 065 kg","1 948 mm","1 481 mm","5 262 mm","3 171 mm","80 l","420 kg","Automata (8 fokozatú tiptronic) sebességváltó","283 km/h","4,9 s","550 Nm","245/45 R19 ","38 310 357 Ft","530 l","246 g/km","10,6 l/100km","15,4 l/100km","7,8 l/100km","12 m","EURO 6"
"119","MASERATI Quattroporte 3.8 V8 GTS EURO6 (Automata)  (2016–)","https://katalogus.hasznaltauto.hu/maserati/quattroporte_3.8_v8_gts_euro6_automata-103752","2016–","Sedan","Benzin","V","8 henger","Hátsó kerék","3 798 cm3","390 kW, 530 LE","Nagykocsi","4 ajtó","4 fõ","1 645 kg","2 065 kg","1 948 mm","1 481 mm","5 262 mm","3 171 mm","80 l","420 kg","Automata (8 fokozatú tiptronic) sebességváltó","307 km/h","4,7 s","650 Nm","245/40 R20 ","51 745 370 Ft","530 l","274 g/km","11,8 l/100km","17,4 l/100km","8,5 l/100km","12 m","EURO 6"
"120","MASERATI Quattroporte 3.0 V6 S (Automata)  (2018.)","https://katalogus.hasznaltauto.hu/maserati/quattroporte_3.0_v6_s_automata-117558","2018.","Sedan","Benzin","V","6 henger","Hátsó kerék","2 979 cm3","316 kW, 430 LE","Nagykocsi","4 ajtó","4 fõ","1 685 kg","2 105 kg","1 948 mm","1 481 mm","5 262 mm","3 171 mm","80 l","420 kg","Automata (8 fokozatú tiptronic) sebességváltó","288 km/h","5,0 s","580 Nm","245/45 R19 ","40 047 212 Ft","530 l","223 g/km","9,6 l/100km",NA,NA,"12 m","EURO 6"
"121","MASERATI Quattroporte 3.0 V6 S GranLusso (Automata)  (2018.)","https://katalogus.hasznaltauto.hu/maserati/quattroporte_3.0_v6_s_granlusso_automata-117559","2018.","Sedan","Benzin","V","6 henger","Hátsó kerék","2 979 cm3","316 kW, 430 LE","Nagykocsi","4 ajtó","4 fõ","1 685 kg","2 105 kg","1 948 mm","1 481 mm","5 262 mm","3 171 mm","80 l","420 kg","Automata (8 fokozatú tiptronic) sebességváltó","288 km/h","5,0 s","580 Nm","245/40 R20 ","44 049 173 Ft","530 l","223 g/km","9,6 l/100km",NA,NA,"12 m","EURO 6"
"122","MASERATI Quattroporte 3.0 V6 S GranSport (Automata)  (2018.)","https://katalogus.hasznaltauto.hu/maserati/quattroporte_3.0_v6_s_gransport_automata-117560","2018.","Sedan","Benzin","V","6 henger","Hátsó kerék","2 979 cm3","316 kW, 430 LE","Nagykocsi","4 ajtó","4 fõ","1 685 kg","2 105 kg","1 948 mm","1 481 mm","5 262 mm","3 171 mm","80 l","420 kg","Automata (8 fokozatú tiptronic) sebességváltó","288 km/h","5,0 s","580 Nm","245/35 R21 285/30 R21 ","44 049 173 Ft","530 l","223 g/km","9,6 l/100km",NA,NA,"12 m","EURO 6"
"123","MASERATI Quattroporte 3.0 V6 S Q4 (Automata)  (2018–)","https://katalogus.hasznaltauto.hu/maserati/quattroporte_3.0_v6_s_q4_automata-117561","2018–","Sedan","Benzin","V","6 henger","Összkerék","2 979 cm3","316 kW, 430 LE","Nagykocsi","4 ajtó","4 fõ","1 685 kg","2 105 kg","1 948 mm","1 481 mm","5 262 mm","3 171 mm","80 l","420 kg","Automata (8 fokozatú tiptronic) sebességváltó","288 km/h","4,8 s","580 Nm","245/45 R19 ","42 394 046 Ft","530 l","278 g/km","12,0 l/100km",NA,NA,"12 m","EURO 6"
"124","MASERATI Quattroporte 3.0 V6 S Q4 GranLusso (Automata)  (2018–)","https://katalogus.hasznaltauto.hu/maserati/quattroporte_3.0_v6_s_q4_granlusso_automata-117562","2018–","Sedan","Benzin","V","6 henger","Összkerék","2 979 cm3","316 kW, 430 LE","Nagykocsi","4 ajtó","4 fõ","1 685 kg","2 105 kg","1 948 mm","1 481 mm","5 262 mm","3 171 mm","80 l","420 kg","Automata (8 fokozatú tiptronic) sebességváltó","288 km/h","4,8 s","580 Nm","245/40 R20 ","46 480 258 Ft","530 l","278 g/km","12,0 l/100km",NA,NA,"12 m","EURO 6"
"125","MASERATI Quattroporte 3.0 V6 S Q4 GranSport (Automata)  (2018–)","https://katalogus.hasznaltauto.hu/maserati/quattroporte_3.0_v6_s_q4_gransport_automata-117563","2018–","Sedan","Benzin","V","6 henger","Összkerék","2 979 cm3","316 kW, 430 LE","Nagykocsi","4 ajtó","4 fõ","1 685 kg","2 105 kg","1 948 mm","1 481 mm","5 262 mm","3 171 mm","80 l","420 kg","Automata (8 fokozatú tiptronic) sebességváltó","288 km/h","4,8 s","580 Nm","245/35 R21 285/30 R21 ","46 480 258 Ft","530 l","278 g/km","12,0 l/100km",NA,NA,"12 m","EURO 6"
"126","MASERATI Quattroporte 3.8 V8 GTS EURO6 GranLusso (Automata)  (2018.)","https://katalogus.hasznaltauto.hu/maserati/quattroporte_3.8_v8_gts_euro6_granlusso_automata-117564","2018.","Sedan","Benzin","V","8 henger","Hátsó kerék","3 798 cm3","390 kW, 530 LE","Nagykocsi","4 ajtó","4 fõ","1 645 kg","2 065 kg","1 948 mm","1 481 mm","5 262 mm","3 171 mm","80 l","420 kg","Automata (8 fokozatú tiptronic) sebességváltó","307 km/h","4,7 s","650 Nm","245/40 R20 ","58 230 436 Ft","530 l","274 g/km","11,8 l/100km","17,4 l/100km","8,5 l/100km","12 m","EURO 6"
"127","MASERATI Quattroporte 3.8 V8 GTS EURO6 GranSport (Automata)  (2018.)","https://katalogus.hasznaltauto.hu/maserati/quattroporte_3.8_v8_gts_euro6_gransport_automata-117565","2018.","Sedan","Benzin","V","8 henger","Hátsó kerék","3 798 cm3","390 kW, 530 LE","Nagykocsi","4 ajtó","4 fõ","1 645 kg","2 065 kg","1 948 mm","1 481 mm","5 262 mm","3 171 mm","80 l","420 kg","Automata (8 fokozatú tiptronic) sebességváltó","307 km/h","4,7 s","650 Nm","245/35 R21 285/30 R21 ","58 230 436 Ft","530 l","274 g/km","11,8 l/100km","17,4 l/100km","8,5 l/100km","12 m","EURO 6"
"128","MASERATI Quattroporte 3.0 D GranLusso (Automata)  (2018–)","https://katalogus.hasznaltauto.hu/maserati/quattroporte_3.0_d_granlusso_automata-117566","2018–","Sedan","Dízel","V","6 henger","Hátsó kerék","2 987 cm3","202 kW, 275 LE","Nagykocsi","4 ajtó","4 fõ","1 645 kg","2 065 kg","1 948 mm","1 481 mm","5 262 mm","3 171 mm","70 l","420 kg","Automata (8 fokozatú tiptronic) sebességváltó","250 km/h","6,4 s","660 Nm","245/40 R20 ","40 681 431 Ft","530 l","163 g/km","6,2 l/100km","7,8 l/100km","5,2 l/100km","12 m","EURO 6"
"129","MASERATI Quattroporte 3.0 D GranSport (Automata)  (2018–)","https://katalogus.hasznaltauto.hu/maserati/quattroporte_3.0_d_gransport_automata-117567","2018–","Sedan","Dízel","V","6 henger","Hátsó kerék","2 987 cm3","202 kW, 275 LE","Nagykocsi","4 ajtó","4 fõ","1 645 kg","2 065 kg","1 948 mm","1 481 mm","5 262 mm","3 171 mm","70 l","420 kg","Automata (8 fokozatú tiptronic) sebességváltó","250 km/h","6,4 s","660 Nm","245/35 R21 285/30 R21 ","40 681 431 Ft","530 l","163 g/km","6,2 l/100km","7,8 l/100km","5,2 l/100km","12 m","EURO 6"
"130","MASERATI Quattroporte 3.0 V6 S (Automata)  (2020–)","https://katalogus.hasznaltauto.hu/maserati/quattroporte_3.0_v6_s_automata-128358","2020–","Sedan","Benzin","V","6 henger","Hátsó kerék","2 979 cm3","316 kW, 430 LE","Nagykocsi","4 ajtó","4 fõ","1 685 kg","2 105 kg","1 948 mm","1 481 mm","5 262 mm","3 171 mm","80 l","420 kg","Automata (8 fokozatú tiptronic) sebességváltó","288 km/h","5,0 s","580 Nm","245/45 R19 275/40 R19 ","43 467 889 Ft","530 l","226 g/km","9,7 l/100km",NA,NA,"12 m","EURO 6"
"131","MASERATI Quattroporte 3.0 V6 S GranLusso (Automata)  (2020–)","https://katalogus.hasznaltauto.hu/maserati/quattroporte_3.0_v6_s_granlusso_automata-128359","2020–","Sedan","Benzin","V","6 henger","Hátsó kerék","2 979 cm3","316 kW, 430 LE","Nagykocsi","4 ajtó","4 fõ","1 685 kg","2 105 kg","1 948 mm","1 481 mm","5 262 mm","3 171 mm","80 l","420 kg","Automata (8 fokozatú tiptronic) sebességváltó","288 km/h","5,0 s","580 Nm","245/40 R20 285/35 R20 ","47 817 728 Ft","530 l","226 g/km","9,7 l/100km",NA,NA,"12 m","EURO 6"
"132","MASERATI Quattroporte 3.0 V6 S GranSport (Automata)  (2020–)","https://katalogus.hasznaltauto.hu/maserati/quattroporte_3.0_v6_s_gransport_automata-128360","2020–","Sedan","Benzin","V","6 henger","Hátsó kerék","2 979 cm3","316 kW, 430 LE","Nagykocsi","4 ajtó","4 fõ","1 685 kg","2 105 kg","1 948 mm","1 481 mm","5 262 mm","3 171 mm","80 l","420 kg","Automata (8 fokozatú tiptronic) sebességváltó","288 km/h","5,0 s","580 Nm","245/35 R21 285/30 R21 ","47 817 728 Ft","530 l","226 g/km","9,7 l/100km",NA,NA,"12 m","EURO 6"
"133","MASERATI Shamal V8 (1991-1996)","https://katalogus.hasznaltauto.hu/maserati/shamal_v8-15475","1991-1996","Coupe","Benzin","V","8 henger","Hátsó kerék","3 217 cm3","240 kW, 326 LE","Nagykocsi","2 ajtó","4 fõ","1 420 kg","1 765 kg","1 850 mm","1 300 mm","4 100 mm","2 400 mm","80 l","345 kg","Manuális (6 fokozatú) sebességváltó","270 km/h","5,3 s","436 Nm","225/45 ZR16 ",NA,NA,NA,NA,NA,NA,NA,NA
"134","MASERATI Spyder (1992-1994)","https://katalogus.hasznaltauto.hu/maserati/spyder-15478","1992-1994","Cabrio","Benzin","V","6 henger","Hátsó kerék","1 996 cm3","164 kW, 223 LE","Nagykocsi","2 ajtó","4 fõ",NA,NA,"1 715 mm","1 310 mm","4 040 mm","2 400 mm","80 l",NA,"Manuális (5 fokozatú) sebességváltó",NA,NA,NA,"205/45 ZR16 ",NA,NA,NA,NA,NA,NA,NA,NA
"135","MASERATI Spyder (1991-1995)","https://katalogus.hasznaltauto.hu/maserati/spyder-15479","1991-1995","Cabrio","Benzin","V","6 henger","Hátsó kerék","2 790 cm3","165 kW, 224 LE","Nagykocsi","2 ajtó","4 fõ",NA,NA,"1 715 mm","1 310 mm","4 040 mm","2 400 mm","80 l",NA,"Manuális (5 fokozatú) sebességváltó","220 km/h","6,2 s","363 Nm","205/45 ZR16 ",NA,NA,NA,NA,NA,NA,NA,NA
"136","MASERATI Spyder GT (2004-2006)","https://katalogus.hasznaltauto.hu/maserati/spyder_gt-15482","2004-2006","Coupe","Benzin","V","8 henger","Hátsó kerék","4 244 cm3","287 kW, 390 LE","Nagykocsi","2 ajtó","2 fõ","1 720 kg","1 940 kg","1 822 mm","1 305 mm","4 303 mm","2 660 mm","88 l","220 kg","Manuális (6 fokozatú) sebességváltó","285 km/h","5,0 s","451 Nm","235/40 ZR18 265/35 ZR18 ","24 750 000 Ft","300 l","390 g/km","16,6 l/100km",NA,NA,NA,NA
"137","MASERATI Spyder Cambiocorsa (Automata)  (2004-2006)","https://katalogus.hasznaltauto.hu/maserati/spyder_cambiocorsa_automata-15483","2004-2006","Coupe","Benzin","V","8 henger","Hátsó kerék","4 244 cm3","287 kW, 390 LE","Nagykocsi","2 ajtó","2 fõ","1 730 kg","1 940 kg","1 822 mm","1 305 mm","4 303 mm","2 660 mm","88 l","210 kg","Automata (6 fokozatú) sebességváltó","283 km/h","5,0 s","451 Nm","235/40 ZR18 265/35 ZR18 ","26 484 375 Ft","300 l","390 g/km","16,6 l/100km",NA,NA,NA,NA
"138","MASERATI Spyder 90 (2004-2005)","https://katalogus.hasznaltauto.hu/maserati/spyder_90-15484","2004-2005","Coupe","Benzin","V","8 henger","Hátsó kerék","4 244 cm3","287 kW, 390 LE","Nagykocsi","2 ajtó","2 fõ","1 730 kg","1 940 kg","1 822 mm","1 305 mm","4 303 mm","2 660 mm","88 l","210 kg","Manuális (6 fokozatú) sebességváltó","283 km/h","5,0 s","451 Nm","235/40 ZR18 265/35 ZR18 ","28 250 000 Ft","300 l","390 g/km","16,6 l/100km",NA,NA,NA,NA
